AACombo,Fitness
EALC,0.01528868472837503
QKLC,0.005062075842547448
WDGA,0.03659338447110344
FFAG,0.6509809879730467
QNLC,0.004348484376182204
WFKQ,0.00011500379695089632
CRAL,0.055235220354648035
QRLA,0.06427338979581584
CRAY,0.0015235815048076967
LALC,0.20096873750954142
CRCA,0.09706500390352008
YRQG,0.0005653198693482693
QRLG,0.3112598241563189
VLVD,0.0
YVPG,0.0006959933125720343
EMTC,0.0007919248802679464
WRGV,0.014969341521046143
WQDR,0.00025047090296796714
CKEC,0.0008937437934451069
YVQG,0.0005116056761542692
YVQH,9.227443295159609e-05
YVQK,0.0002585209319878862
CGFI,0.004260499087036771
YKVG,0.014347402825880325
HRFC,0.004074130095949043
YVQR,0.0005052118347879212
CKFI,0.00754517373361502
YVQS,0.0004344587884807834
TKCG,0.1300632415201649
LDIQ,0.00011848876049444786
YVRG,0.0019631672431505496
QDCG,0.13212231361641796
WYCA,0.689826619071611
WYCC,0.19306262413133432
MDIA,0.0005010691748145457
SRPE,0.0005247140980875544
WYCG,0.42182258437538994
CDAV,0.0026350869997023613
YHAG,0.3106228428967127
CDGA,0.0225710446039148
YHAH,0.000328122721369767
YVTG,0.0008689175769615668
CNIG,0.002067028597172972
AFQA,0.0
NRAL,0.0004987863995314715
RQEE,0.0002536299954373563
YVVG,0.03953939331755199
ERCA,0.510990806291536
NRCA,0.11681043403577054
CKLC,0.009906791289604316
NRCG,0.062276394009077383
ERCC,0.08872985257039355
NRCI,0.0014138319896320319
CKLI,0.0033720379362758247
YVVR,0.0002524020933611836
CKLK,0.0013726088282670229
YVWG,0.02415918757374392
MWDQ,0.0002085402184701826
PACT,0.0018635508884652068
EGDK,0.0003363551910819705
YSAA,0.48271854957839017
WAWG,0.01717311725673582
FYPA,0.0033277694436862387
ERDL,0.00024108695776996038
YSAG,0.11000077207537279
SDAE,0.00022185129624574927
HVML,0.0007871594679688478
TCGQ,0.017754099680660593
LYLC,0.1517576961276336
WTLA,0.22988524547997458
ALLC,0.001690866636249042
WYIA,0.0007586817649585201
TNLC,0.0005585898709030492
KDTE,0.0002502482621649039
CRNA,0.013894425482444435
QRWG,0.004081664568497104
MWHI,0.0010712682455680544
KERF,0.0003370800945111298
CRNL,0.0007899250699641271
WCCD,0.0
QVVG,0.040365531598324955
WCCG,0.16506227624362968
QLCG,0.08912778785375405
NCIQ,0.001251241310818813
CRQA,0.002716897212474979
FFRA,0.0006655538887361065
CFGG,0.020666569965267313
ARCG,0.3716922717447126
ALPL,0.0002792949354515246
CCTE,0.00034001122576742074
SDFT,0.005523602440904368
QSCG,0.1806240776712742
YHLG,0.45433042050852745
EKLC,0.008038701158923056
CKTC,0.0005757245295206805
DIGH,0.00047039147023408666
QHFT,0.10576760548497094
WRGA,0.1871575613459898
ECFT,0.10017378351534711
YHMG,0.2577557100293146
WRGG,0.07826516485306079
WRGH,0.01216423588256617
WRGI,0.002487200761166883
WRGK,0.000825496092205796
IFSI,0.0020587713120108404
SSCT,0.004368763987605265
WRGR,0.000523174539042238
ERML,0.000661532415088006
RMRD,0.0
WRGW,0.0331759872672595
WKCG,0.2900886104961612
WKCH,0.0008733283260820927
WRNV,0.000497721350738006
WKCK,0.004980759682224942
TDIQ,0.0
QSET,0.000360848251138665
QSFC,0.028483087084501587
VIRE,0.0
QSFI,0.004104986028033622
CHGA,0.12731796409439408
QWDP,0.0002381804525677397
CHGG,0.023021004557299315
LYTI,0.0013346573982151032
QSFT,0.15884435924295123
SSET,0.0003261053937592118
YHQG,0.0005739639040473374
CEAL,0.011509815904069305
SSFI,0.0007315163565510031
CHAL,0.07657950947145416
SSFT,0.031164628386103062
WCLA,0.3912489383676103
KGAV,0.0002085402184701826
YSPE,0.0001141643531777737
QSKG,0.00047039147023408666
NVQG,0.00017000561288313976
CHAW,0.0019798122006670126
CEDF,0.0008378848063557152
WRCA,0.6072966074766952
TCIG,0.001737835153927699
WRCD,0.010427010923531954
WRCE,0.0010148671822908946
WRCC,0.2118710111389465
WRCG,0.4114958357694953
WRCH,0.001265041766453012
WRCI,0.1771375169609966
WRCK,0.00912363455808618
TCIQ,0.003400112257674208
TCIR,0.000782025819265182
WRCM,0.16167789198612292
WRCN,0.007599623948971557
PQRQ,0.0007218699870134873
WRCR,0.001970763028162173
WRCW,0.0014112774311711214
TCKQ,0.0
CVYW,0.001312490885479068
YSQG,0.000328122721369767
HHFC,0.005943396226412188
AIGA,0.026244256307503933
QSLT,0.13004429352532865
CHEL,0.0008109897384965494
HSEC,0.00085201256573575
AIGH,0.0052135054617716845
TSIQ,0.000244383068520084
WREA,0.00038325652752719993
YHVG,0.049778747683604914
CHFI,0.01156038167611285
SSLT,0.01104201515606833
HSFC,0.007450381115972342
HSFF,0.0003588646206951157
WKLA,0.4161035808927245
LKLC,0.20855658740446464
NVVG,0.0012552581368579635
YVGA,0.35249357535512155
YEWS,0.0005852999894707345
LKLH,0.011903668539836156
YVGG,0.061794860724106046
HSFR,0.0003906641023979942
LKLI,0.002992098786750564
YVGH,0.009277165107401144
GAKG,0.0
YAAA,0.4495819585486377
VKAR,0.00029706583827725393
AKGH,0.001203116645022479
CPFI,0.0015117227732989417
YHYG,0.0929577860635885
YFAG,0.26180469786880467
AKLV,0.0009479100839578656
WAGA,0.20816117124716185
NHAG,0.0005792783846410446
WAGG,0.0929828699105968
LNLC,0.22743480202314503
YFAR,0.00034918362162560655
YIAG,0.2881318658667381
WKNG,0.002457795431972047
YFAW,0.001046577304591926
LNLK,0.0008475156661987925
EHAG,0.007218699870134874
YFCG,0.25749751737838517
CMGF,0.030451611447155275
EHAL,0.012274835644203957
LRLC,0.3310692653662246
LNLW,0.0007930402674235249
YMAG,0.07270878047220293
CWHF,0.0
WCGA,0.14915128274080214
HSLC,0.0163348383743924
WYQV,0.00035445929485081206
LNNC,0.001999700725062955
DPEP,0.0
WRLA,0.543349520666915
LKGC,0.1951397253441358
CNGA,0.06814352218362103
TCTQ,0.0
CNGF,0.10274888809491096
CNGG,0.00879779046672759
HNGF,0.035364337747668485
CNGI,0.03235703881186082
CNGK,0.03036485189446237
WRLR,0.0007967439965403873
CSLC,0.012619560318516236
GPGF,0.0007933595267906485
CNGR,0.0007286481089570831
CHNL,0.0005045327866229557
NIGH,0.001454931756767654
YYAA,0.7967770755207655
ESFA,0.033283571292356165
YYAG,0.3954816285991488
ESFG,0.18015321322120512
WDCG,0.20731013008208485
RRIH,0.0003417255680817177
ESFT,0.14589473684217663
EPFT,0.0010090655732447702
NSFT,0.0037521924253577717
ESFW,0.0
EEFT,0.027397146151396094
KMDR,0.00025114120868483246
CHQL,0.0013033763654457743
VKLC,0.02336342696556849
WECG,0.11742157695625328
WRQA,0.007564115485970766
WRQD,0.0016463701458244392
YDAG,0.048998474095960275
FKQW,0.0
WRQI,6.928246460820092e-05
CQGG,0.004989612589169339
PKGE,0.00020647546383282443
LKWC,0.0004926146893005875
CWPF,0.0009575826358349398
GYVG,0.0003814760093977054
RVIH,0.00026227808359901433
SFFT,0.0016580767208705482
WRSC,0.00818960471197891
LHAL,0.06492468130941371
CRGA,0.07000868189231607
CRGF,0.09804349900038373
CRGG,0.00954384879613225
CRGH,0.00588357983146222
FCSP,0.0016715055678922575
CRGL,0.06296131292816595
WRTD,0.0
CRGW,0.011855785015124257
WLCG,0.22244775398997638
YFPL,0.0006992779307879531
MQQR,0.0
GKAR,0.00017739716127020678
ESNT,0.000404496113412671
ASGH,0.0032499774307084422
KYHA,0.0013311077774767783
WRWD,0.0
CAAL,0.05191563901720634
GRCG,0.0047469271519564845
WRWG,0.028258400080996043
IRPV,0.00023519573511761394
CFAI,0.009033025505951557
NNGF,0.002197427921901598
CFAL,0.08189187316688436
NNGG,0.0013516495641571113
CFAK,0.004051947250074346
GCDE,0.0
CFAR,0.0012177531005553108
LPCL,0.0012788930524964476
CFAW,0.0014218651259356569
EWGF,0.1984390516387054
CFCL,0.0011815897070371559
YMQG,0.00018731157347671762
CWWF,0.0018400607512074933
CMAL,0.01424867556067628
CQAL,0.026310722898892643
QAQH,8.156723017103486e-05
SYFT,0.008809026469876706
CTAL,0.01425320448233145
HFFC,0.000890915490301297
MAYR,0.00018787407069408439
CFEI,0.0006912935418917916
WSCG,0.30231907643734696
GWGF,0.040949715627015396
CFFA,0.0395723908543332
CFFI,0.004624152670433727
LHLC,0.23037876495379062
CFFR,0.0012841146457550543
CFFW,0.002590149210298519
YMVG,0.006256206554116891
CWGF,0.4665342601789462
IVGR,0.0005927712487123568
GNKF,0.0
HYFC,0.002951040827414058
YCAG,0.1153003356663051
MVAA,0.37789543397858644
TNGF,0.03301886792451215
RVVG,0.0029955204772339618
HIKI,0.0011171797418072398
NFAG,0.00045833015048546037
YKAG,0.14467477656385322
DQFN,0.0
CYGF,0.32569075296481054
GGNF,0.0
CFLL,0.0020814748736220825
YNAG,0.15191541562053065
EMCL,0.000772371179520632
GGNY,0.0
QRGV,0.052689682858222786
YRAG,0.19964250248231014
QRGA,0.05311573008229143
GCPS,0.0002818111060411266
CCGF,0.030832022730875368
YRCC,0.12313217852399538
TMIQ,0.0005536465977093482
YVAA,0.446463696432169
QCCG,0.05571002979141966
YVAE,0.0005752833612986296
YVAD,0.0026067527308801354
YVAG,0.25837035488431814
YVAH,0.0006289751897576261
KADV,0.00026308690303274287
YVAR,0.0003504877621357389
RSFT,0.023752478197899957
YVAW,0.0007147547810483313
YVAY,0.0007916016456227438
TMLC,0.000488766137040168
WACA,0.5229168116179668
WACG,0.2944595622842502
QSFV,0.06556301014848594
GNRF,0.0
WACK,0.004627247819475122
WACM,0.09238741426354118
CDAL,0.04130478912801371
EMFT,0.036977578674467645
VLIS,0.00030610516690648514
CFQI,0.0013406156901727964
EDFT,0.043928350602375286
EACG,0.20283280196514178
DCNV,0.0
GGTI,0.00015878696837887357
GKTF,0.0001955064548162955
TFFI,0.0008570145964549001
YVEA,0.00034124763022455763
DMKC,0.0028437302518713138
YEGG,0.005719293305075081
WFCG,0.3566454816281498
GGVD,0.0
QRCG,0.21694786917833075
PHKC,0.0
QRCI,0.009133583996000626
QVAG,0.010396724999684826
FWVF,0.0005902081654828116
EMLC,0.0034756703078439853
QRDA,0.0003883430511557143
CFTI,0.0010997238083409488
ETLC,0.005420539974685785
EFLC,0.004692154915593374
EMLP,0.00011542816520524764
EMLQ,0.0003066767918690569
EMLS,0.008311923298471151
EMLW,0.00014027368955378606
QKFT,0.09384309831175336
CDFY,0.0012450162296734134
TRAL,0.011575749415075881
YVIG,0.016163319161460927
TRCA,0.31242414211656466
TRCG,0.13947660494236114
RADD,0.0
VERF,0.0005393281512168945
WMCC,0.0635275295156239
WMCG,0.1087157340476715
